{"cameraMode":{"drawMode":0,"name":"Shaded","section":"Shading Mode"},"sceneLighting":false,"audioPlay":false,"sceneViewState":{"showFog":true,"showMaterialUpdate":false,"showSkybox":false,"showFlares":true,"showImageEffects":true,"showParticleSystems":true},"in2DMode":false,"pivot":{"x":111.25204467773438,"y":4.396996974945068,"z":17.579734802246095},"rotation":{"x":0.05578073486685753,"y":-0.0000048704328037274539,"z":1.7287243281316479e-7,"w":0.9984447956085205},"size":712.6910400390625,"orthographic":false}